lang,train_whisper_asr_cer_mean,train_whisper_asr_cer_std,train_whisper_asr_wer_mean,train_whisper_asr_wer_std,train_seamlessm4t_asr_cer_mean,train_seamlessm4t_asr_cer_std,train_seamlessm4t_asr_wer_mean,train_seamlessm4t_asr_wer_std,dev_whisper_asr_cer_mean,dev_whisper_asr_cer_std,dev_whisper_asr_wer_mean,dev_whisper_asr_wer_std,dev_seamlessm4t_asr_cer_mean,dev_seamlessm4t_asr_cer_std,dev_seamlessm4t_asr_wer_mean,dev_seamlessm4t_asr_wer_std,test_whisper_asr_cer_mean,test_whisper_asr_cer_std,test_whisper_asr_wer_mean,test_whisper_asr_wer_std,test_seamlessm4t_asr_cer_mean,test_seamlessm4t_asr_cer_std,test_seamlessm4t_asr_wer_mean,test_seamlessm4t_asr_wer_std
isl_Latn,0.16541348054974447,0.2735830410793948,0.4797092433898303,0.498524326937268,0.1054454318803934,0.13104882918264316,0.22574678467584539,0.1744669062228607,0.11694074184298081,0.07239573326171633,0.3989333126472523,0.15611583739436044,0.07772961954554408,0.10302836040939854,0.19865603361842374,0.167770160282417,0.09632259799396868,0.0499789623603239,0.35096316802321587,0.1583290225607628,0.09296989158992124,0.13410835648265165,0.1985286581079335,0.19163535536423507
kor_Hang,0.07715794934811063,0.09221988030489789,0.2232809700652976,0.17487382582332278,0.10808088047235641,0.10970299489081155,0.26869573064989616,0.19060381729450526,0.06529836433565674,0.07794483488859445,0.1929295460953555,0.17104092922316824,0.09528416667156517,0.10556105014236887,0.2277418702349455,0.18424389163605992,0.0747495419784986,0.08855301127336088,0.20277304602670035,0.15436963119564526,0.10257019925345881,0.11333806892726056,0.23109894528617264,0.17924845096447478
lao_Laoo,1.0818772873433418,0.36886408369367063,2.906720204740504,7.190189795133266,0.2990915606804726,0.11655005132610344,6.0494522002444215,4.999409020339161,1.156361560908663,0.42294131380101585,2.9493847000322586,3.835142328220187,0.31645541502080765,0.1033759680340908,6.64694368332644,5.4709019191528885,1.1051961090681877,0.45149945146621073,2.7332337619619063,5.12686158589441,0.3151049667297344,0.10485147961467432,5.832618636925572,4.7605228838466145
arb_Arab,0.08212085987947819,0.08423740898931846,0.2974409334427386,0.15118290084996402,0.08633628747428168,0.12177285294677359,0.23966330188776888,0.17215744478261652,0.060403062945888424,0.036970965551703316,0.2511972793216642,0.10954135881780908,0.06946371913264847,0.0729185924220275,0.2091155276722403,0.13205384663755343,0.06782904146082282,0.05663236475559181,0.2647699268140908,0.13641199132575305,0.07419364176038556,0.0809910009838677,0.2232034601946624,0.13991750833099226
ces_Latn,0.041927024551694586,0.08302571641929622,0.15030013429043634,0.14582608877727213,0.08022254474968067,0.11632347465620613,0.20050484959102735,0.15589300327854252,0.041476798628855845,0.045832072467366654,0.1535894960054094,0.11724588958462931,0.06534494535907792,0.08760949618757355,0.18198184639167925,0.1391219342587003,0.04159207575813589,0.0439230400243995,0.1596151558197451,0.126244821793993,0.0768195042334826,0.11938059436881804,0.20575718721743896,0.18039285455903367
dan_Latn,0.044236397313880876,0.04539868731107761,0.14639601343537018,0.11575109334791651,0.09824569994577237,0.12084521326624005,0.28343589814079206,0.13509123005150014,0.06324109417206354,0.0645332910009502,0.18615182706230857,0.14334735743510504,0.09122109048966724,0.08356507978130014,0.2893760714035278,0.12216375985783673,0.05554310968537947,0.04557649024284948,0.17484380112922615,0.11201835211686756,0.10480055469391467,0.12890199899839885,0.3032397407637936,0.1818315210175162
kat_Geor,0.19871336712214718,0.14696358917579577,0.7090268577454054,0.21052298180995896,0.07877107940157288,0.11122074903673357,0.20419806499468274,0.17166081396436875,0.19044776324522697,0.09166460745822728,0.7273804170152306,0.13859459811103092,0.05851927995275832,0.07686298764338884,0.17936807949265998,0.14435311856945982,0.20418294001279824,0.10176015980942472,0.7367328986342625,0.13723036826875254,0.06640930390824844,0.07962354733474511,0.20040567982244928,0.14030733125999884
fin_Latn,0.03457363095032531,0.03887770378370981,0.16804517340129854,0.13551355841670212,0.10896255392094345,0.14403429427271464,0.3774831257051304,0.16481263835061263,0.027893781254573296,0.03932198294260005,0.11675531419701002,0.11481367931367843,0.08074974380915843,0.0924473058706387,0.34636506805349593,0.1390576077775385,0.02447165673896828,0.03393418093578403,0.12223957473283256,0.1069609840390128,0.09972606048822395,0.1260332212784058,0.37066153102075766,0.17553747357807356
eng_Latn,0.030686204399587733,0.0440236588314818,0.0978804639480348,0.09678692975909484,0.06404425951152459,0.09569645026407979,0.14977220521102896,0.13744327983990673,0.03190506619683364,0.03413503261797782,0.1076938082486411,0.10443390136561381,0.061727315991419035,0.06802814196937176,0.16037006465776235,0.12536542816343585,0.03333297782666921,0.03847146613509649,0.10878552733377449,0.09560023244095078,0.05957446085420413,0.06631749181068743,0.14968753245241848,0.11379621721238446
jpn_Jpan,0.056840111249582125,0.05808821885071766,0.8295795795795796,0.42161039904368447,0.16080223788381173,0.09872444727125629,2.9490365365365365,1.5573243765479785,0.07098239781366324,0.05488712652396639,0.8814814814814815,0.2963757494355944,0.17022342375956864,0.10651044178483847,3.066049382716049,1.7807967818664772,0.08785232142740478,0.17700322392929704,0.9420560747663551,0.28476366109306805,0.181231759997072,0.11090133266203821,3.169730010384216,1.6757937991988656
cat_Latn,0.03645987007772342,0.04027656527465166,0.11488613953214002,0.10064724172622813,0.05762076744162269,0.0949160731158089,0.11677950624485421,0.11271512209852667,0.029835793487651686,0.045923092828840446,0.09083704744808072,0.08371402397266924,0.036161750107091016,0.06680165082358314,0.08571694790016791,0.09770735890272295,0.029399425350528325,0.03622645506975434,0.0970039606087121,0.08436439090014071,0.04887685818470743,0.08907234015462398,0.10609059782581291,0.11770993873025068
mkd_Cyrl,0.05870135034037612,0.05115053650529731,0.2320048164305589,0.132848124045993,0.09105829493905153,0.13249788726903794,0.2449009055906769,0.1630515783003312,0.053559538565542034,0.044214342713058165,0.20611211531691723,0.12193957248398099,0.0696227203548387,0.0853164551149252,0.2277701718804867,0.1205821723158116,0.05704934357690759,0.07789451551234591,0.21528801159075642,0.13115878496847924,0.08164318297511555,0.11031336423670215,0.24587952928149773,0.14572520757072957
afr_Latn,0.13044984521540903,0.07122456831185936,0.3953444472199308,0.14574157255691517,0.1171289156924255,0.12410373828428238,0.3012254056967763,0.15292223682396092,0.1364889995845088,0.12095644498165979,0.37986087213299247,0.18565171796941768,0.1399096110370919,0.16571553060375732,0.3219754052334113,0.18426578399158675,0.13167921121964835,0.07860813661344844,0.38536943861493017,0.14562250069968166,0.13762320112497559,0.12343713228410456,0.33153041473296596,0.1652631264376603
ind_Latn,0.0435550914053355,0.09318286467532295,0.14198628385065984,0.14928900337589587,0.10014942737653096,0.14545738676679817,0.30552160590090355,0.18939975586039343,0.03708441579151654,0.04664013402995175,0.14265001253887363,0.12662777845209783,0.07901461237960593,0.10797399804386834,0.28457353999630397,0.1704903023511339,0.03662527732241961,0.03813999872143795,0.15059423356393334,0.1164505316218038,0.08819765595641911,0.10508538147628221,0.3002981551458612,0.16208942932362363
spa_Latn,0.021938340217370147,0.03539452306849958,0.07289366900291132,0.07805108515166412,0.06699604269812144,0.10269800669229179,0.17378301421859949,0.1366500790844796,0.020862266673443722,0.028097084489171923,0.0715838638343715,0.07913855966260169,0.04792729941245298,0.06415933203037835,0.1436386321387121,0.12113177055088602,0.01982559636228003,0.024928732392475516,0.07534802860548423,0.07629549881559397,0.05599651314073341,0.08116754150952193,0.16285821237405718,0.12874448120468776
bos_Latn,0.0444772945045248,0.04455490833539135,0.16540522105457092,0.11195353170634115,0.08048952107682404,0.11981920736196523,0.19836374209049168,0.13971744415817391,0.048934929028008806,0.038519616658305764,0.18439460979709082,0.11753533316974692,0.06480672092752862,0.08245818091512588,0.1954691897586892,0.12916590337692752,0.048577865774985976,0.041102112616025435,0.1810547960674174,0.10786282070471814,0.07451774031533252,0.10232987474070475,0.20148655553485537,0.12768434509063037
hin_Deva,0.11586060741218282,0.06534520431294856,0.35478411542163074,0.12987485414756839,0.10468813553690075,0.09394704778868218,0.2523845079970533,0.1419236702721698,0.12570125967696444,0.2034880336394248,0.35982993528402984,0.22554977719115615,0.10095621026053891,0.09772931495927524,0.25663913141692574,0.1429913266524504,0.12918851689331615,0.19067508620144158,0.3763207010687764,0.2598163468075998,0.1012196226237771,0.09259478113879889,0.2500608839705651,0.13740887702280402
glg_Latn,0.0411715504819649,0.039025703881830416,0.16204982315686067,0.11275593558649771,0.06905988551640803,0.1213234862725223,0.16543910430420342,0.14809722776420803,0.047538729977972254,0.037814035699663726,0.17899381480372398,0.10376852243211171,0.06266380802077288,0.07743842286986732,0.17391022562169325,0.1260110097779598,0.04529834137632543,0.03170578107098164,0.18119173633513538,0.0985772307735056,0.06290758302190305,0.08391381860874156,0.17369660307350882,0.12307593251452478
zsm_Latn,0.033707054062665415,0.036324045482988496,0.1410121950035394,0.11488335399931762,0.0885795877803795,0.11661037090848551,0.31452757215196203,0.18269482648892477,0.04309036932915505,0.043007085560873064,0.1519459945141568,0.11944053359812692,0.08042761388308266,0.08973063229070999,0.3042376781506149,0.15958875231015954,0.0381982423070619,0.0384567494223132,0.15510823626252482,0.11966299984397058,0.08677836225312578,0.10551311935816757,0.31568924653630376,0.16878800541684358
zho_Hans,0.16733903446299275,0.14083881860496017,0.9952978077478077,0.148457782048427,0.19261090406250514,0.13692234375689558,2.086504517704518,1.1975141792512387,0.15067055121002093,0.11201771440550468,0.9872777777777778,0.09121403741435193,0.18039605428583613,0.1259525561493748,2.185925925925926,1.296997218264318,0.1516370040102811,0.10819840808905291,0.990289716650748,0.07629598488928031,0.18889908638823635,0.12658996721384716,2.2278016555237183,1.2760022314452015
tgl_Latn,0.05034112589517977,0.06157175091353887,0.18151732810708432,0.10686614195048598,0.12309115532290896,0.09622570001279056,0.329750759023213,0.1332246067850589,0.045675745977762174,0.03807076191338651,0.17007638351888432,0.09252418144938486,0.11932652851853717,0.08796637472962125,0.32118995543419904,0.12576330055824578,0.06003984213652842,0.17725476365577136,0.1910961273985998,0.2851641214980476,0.12773300302883062,0.11764525897500931,0.32837156372911774,0.1584457885859532
hun_Latn,0.05296824004397201,0.08926910539175759,0.2007918846704824,0.19370436656420467,0.0870258012481112,0.11012676626742438,0.23841435368896763,0.15851847916761094,0.04863115594472601,0.046001003004122375,0.1938913557118679,0.13405008371435664,0.07345481405004788,0.08561223303350221,0.23131540451953603,0.152191157532835,0.04601748882969485,0.04202304302915499,0.19317690853110478,0.13214769335109694,0.0779780373152252,0.0975655096155459,0.23772506104657296,0.15038508697336966
est_Latn,0.08914291008580087,0.08937287098527794,0.3558821416120326,0.19695415450669404,0.12265223035459909,0.16149485525025664,0.3138854854628646,0.21523191538584344,0.043453086819500414,0.042052067979885956,0.2413889308725678,0.15533736800195452,0.07936064309122325,0.10831369545627728,0.24181444368928556,0.17664651459219846,0.04464833679489533,0.040304214441551536,0.2390716359180319,0.14090510674757295,0.09080837763720838,0.14162951648567407,0.25800362351689027,0.1715134557983123
bul_Cyrl,0.05276132563006545,0.05347978342126506,0.17912683687183287,0.12218464231454064,0.10034558406416055,0.14257536499256462,0.23535821212725005,0.17903625326324596,0.04694802076876298,0.03803258271241745,0.16824721532563405,0.10893112696118887,0.07486882990468141,0.09522636778106985,0.20164752218544796,0.1405023493139358,0.05090700468663401,0.04772134601594039,0.18251790084156377,0.12538417215793451,0.08191213068848278,0.11064598431053772,0.21290597026252245,0.14565264676970766
deu_Latn,0.0226064388920867,0.031688156119474356,0.08330226318714486,0.09272117670781094,0.06775641813260665,0.09881114412901339,0.18722361390927905,0.16968263732221214,0.0238686980962972,0.031966737855849824,0.0881783466686783,0.09937988344223381,0.05198464365453355,0.06563512751246114,0.1883834073171971,0.1828314708607281,0.023717199682542225,0.028656118795858644,0.09454836284748536,0.10050082204367156,0.06670979699783623,0.0926997075712063,0.21060691641524693,0.18120090761561986
mal_Mlym,1.0596793877951722,0.6822237404647497,1.4562148136735407,1.429344317887804,0.15463393799361916,0.1316841597856909,0.4828664894980782,0.1977675750468026,1.0375241013648182,0.3940738913299429,1.503128239266701,1.3557987853555424,0.11354320076617883,0.0907189428446718,0.4275750817990311,0.19043671222939174,0.9839395755003931,0.20267198213893078,1.3439126866231068,0.8576106445738223,0.1126083983294646,0.09891478505365932,0.41809692781375724,0.1993520992718207
azj_Latn,0.07329555200871721,0.1014511838678303,0.2756904761608063,0.16731576343876467,0.08440873639805313,0.09446830077779961,0.24821015625487966,0.1771996460471494,0.0847225932390829,0.08602050125678817,0.2838896662805406,0.14927554076115618,0.07388242854292226,0.0836962871806486,0.21588761585340546,0.1727517098766674,0.06970951270380549,0.05913836974370097,0.27488505839631655,0.13765201978125344,0.08275339349241279,0.09608635156702498,0.24698167442338834,0.18676835456447444
cym_Latn,0.17350096940015353,0.1566892297927984,0.40326237584104524,0.18416943107512734,0.16093136566790675,0.1762146518980967,0.3033415689024484,0.21221318184089863,0.11742784951519739,0.052925858278422167,0.3571766513873787,0.13629185174812966,0.10099656589240583,0.08901827662749615,0.24673129034917546,0.1583962085343625,0.12371979561216534,0.09454393009011078,0.36854732753473934,0.14821739981686763,0.10755368062715624,0.10480168800587118,0.2611644838614139,0.16863406215510152
luo_Latn,0.420488580368916,1.063206740511196,1.0167295075302027,0.9877463053239197,0.5998590371529854,0.5157710368232297,1.1183762431526953,0.892755363748999,0.6273549041472462,1.821596638126921,1.3314880890290932,2.4350037168098244,0.4996856917637182,0.2391958675644676,0.9668284570487626,0.3077194449779969,0.41292721629731194,0.8432146197150759,1.0230391467134259,1.000628357416629,0.5134093420848861,0.26203357035934444,0.9824684771363995,0.34330214976692214
guj_Gujr,0.2173769218660784,0.12014974377511371,0.6150658108831754,0.22654398123122943,0.10657591237327985,0.07956151293336595,0.2849776179694417,0.1574386041660138,0.1956717637771935,0.09825868856586426,0.594449683483673,0.15316093439218426,0.09073347087841874,0.07009416171536463,0.2667861099147522,0.14990805369484309,0.20869075489695726,0.16056975197675244,0.5947811397103973,0.27960543813530275,0.10034961749426549,0.08054979651299508,0.2821135259730428,0.14997467147489918
amh_Ethi,2.007848153903152,0.9061363232027823,1.3204034836955103,1.0512159361371582,0.24642105560079142,0.12198697310264571,1.0812343359675574,0.29450962865065283,2.268267384284215,0.9406755733326245,1.7760338776759619,1.5191535988564817,0.19464301341549137,0.09236049938678496,1.0299796273406692,0.2771526990587075,2.119770265794574,0.8935734107666583,1.7628096244169025,1.564685430042666,0.203550744057814,0.10031051217231268,1.028203577834946,0.27898764473919246
lvs_Latn,0.08558851348937599,0.3260624107946873,0.33742538688635304,0.6971624758499612,0.08875956417151631,0.14105397351042626,0.20352514838117436,0.18516323190144612,0.05628947499311958,0.04802680590781869,0.2502264649367986,0.1462632957467642,0.056382961205097996,0.09751428656606796,0.1523405536717117,0.15275843313093923,0.05482110138039253,0.0415830400419391,0.24612910225636841,0.13079526263884803,0.07292737172920259,0.13192313602026007,0.17726956060273957,0.1580735781802379
hrv_Latn,0.041418148521102406,0.044636074332135865,0.1530298574845247,0.11624665555428171,0.0808630096215864,0.12410257832789048,0.19826894974283127,0.14795362161063547,0.07079553490571702,0.3100691600811545,0.16859037011594874,0.20576310157793928,0.0816279588572003,0.09668993828781516,0.2543851876385379,0.15378750929579754,0.04331846438261899,0.041556930814314406,0.16357210670527395,0.11590318255443824,0.09050083760138258,0.11863373738738636,0.2692440809002914,0.16161736515705055
mar_Deva,0.23776472874707666,0.08156730556006933,0.8256653226765175,0.17439877418451216,0.10655817366338112,0.08976146966078678,0.29444032167366074,0.1693263817843157,0.25069384397422484,0.08047031105224715,0.859720729108507,0.1607282726213816,0.10594747680655772,0.07532443337373791,0.30749768813281264,0.16092539503186254,0.2531653997392046,0.1398661906275047,0.8543083027724245,0.23119227403608159,0.11186779291261338,0.09024456540621585,0.31378535738677976,0.15733170316641898
bel_Cyrl,0.12249802496472903,0.05162518736887073,0.5089684889361162,0.1471608419005021,0.07384826974440215,0.11464237658473063,0.17164031630831944,0.14371368984921004,0.11572485740363012,0.04609770819745643,0.4975194264333364,0.13109240772449504,0.050932006392107446,0.08486374043395033,0.13645145940086348,0.11940876548393287,0.11179823810007608,0.048772753998438445,0.48645264830704377,0.13336469562312586,0.06500881190583445,0.09827121366075245,0.16115963163233726,0.1278142139514414
kan_Knda,0.21015891313427168,0.1812689712632215,0.7376594178916267,0.2561060266769627,0.11418889070228072,0.09210059476281401,0.361722681860697,0.19603717584513425,0.17508514333484526,0.16308074422411323,0.677515925892613,0.17393674204537046,0.09673513513555328,0.06915611423368291,0.31852702272570593,0.17319549045168298,0.19722106184019325,0.3229858709549478,0.7061790494300664,0.38621978115004135,0.10306527661818128,0.09316658678140968,0.32992515994973587,0.2072187071546944
lug_Latn,0.5288418613276984,0.9866742272753192,1.3703413992583033,1.3657354457067818,0.14880063477280214,0.14532634030050465,0.5511978747035672,0.236441393483186,0.3119909149638006,0.31455936902449994,1.1325628168678317,0.524357384838285,0.11885642567431169,0.09749637812169226,0.5221093676103132,0.2544690700751325,0.3090947242754897,0.2751487191279984,1.0931993819109198,0.4168274022671084,0.12442580232111344,0.10146799955568872,0.5199599708096776,0.21862453540475446
jav_Latn,0.2598551609005375,0.3846810618579204,0.7482219849016667,0.42344096472477827,0.11600759166726139,0.1188329919976543,0.40081771754402196,0.17601029078740327,0.3074164714276439,0.5073196167443216,0.7959594580862892,0.5215102577537848,0.11015854193797399,0.09678024116367125,0.40227534553902466,0.16550994390502047,0.2852485786311216,0.6492079362500945,0.7708429121509683,0.6819183843596198,0.10889808008621531,0.08958902743459178,0.4042959766982427,0.16523931235270228
ita_Latn,0.02316833918919209,0.028578412166718154,0.09118785580537661,0.08438714703333944,0.05458970357340224,0.09393219681837893,0.13179590572399985,0.11684961164961447,0.017846963183372172,0.024834594237231108,0.07292520951114614,0.0753301240721851,0.03714452822487477,0.06494303531379184,0.10143282813160527,0.10849436349623125,0.01727039356972832,0.023179498368637218,0.0735571459698941,0.07390920790882055,0.047197698378211805,0.08213973030504852,0.12096509386335245,0.11366047551566547
lit_Latn,0.0836741639830482,0.09312311054383644,0.32030060050431497,0.27145308069367613,0.12504073620332096,0.1833998417917257,0.27348618065136043,0.20043882696446813,0.0864065573730564,0.053297738167085745,0.3294606339368044,0.14551076335696247,0.09399571377104868,0.11841576916445716,0.23235857059812118,0.16575872157537386,0.07588010537545688,0.045930973779760007,0.31605408089345655,0.14241708702610495,0.10719442943365652,0.15479720934214808,0.25886286445528867,0.17273147343173267
kir_Cyrl,0.2909362521013851,0.16200619340021197,0.9053368814494633,0.19935526876571424,0.09232197018765487,0.11496107539751275,0.24736678383637653,0.21230874312206557,0.2639753506943488,0.06259873136936216,0.8786871391712047,0.12667413043028297,0.07776410416945485,0.08925222968838094,0.21474037630664194,0.17653480389133705,0.27979482069263645,0.3257685892685696,0.8870941097904165,0.21231338642611788,0.08336298608486063,0.11035897658292296,0.2276816532647497,0.19847373052935524
hau_Latn,0.33307189099348533,0.2148975492728408,0.9166788606812548,0.19567633422722688,0.5250002833450447,0.48016496840699474,1.1263066013745218,0.7847381108146965,0.3132015921278045,0.12386305824558201,0.9008839673145284,0.12303221651830215,0.41307842938976813,0.22983503730456872,0.9947600040655833,0.3010607136189378,0.3429023438117905,0.2730386198219128,0.9184398299812315,0.24180572167934664,0.5107104288721146,0.6036259465241,1.1486048485573617,1.0787525691919069
fra_Latn,0.026311574099051705,0.04087760987332557,0.09915515277895737,0.10174227851770505,0.06511813369232011,0.096455993826752,0.17845080297053237,0.13349328374690336,0.0318830119889727,0.03832771277389972,0.10650322751601772,0.10347006613934968,0.05410168677808121,0.06863173355697873,0.15695723757850677,0.13168745744657956,0.032611415206656134,0.03228580511659322,0.12285577098569188,0.10240025819138007,0.0658851408159289,0.08409774153367452,0.18346194996743126,0.12837023395363406
hye_Armn,0.18750786343637882,0.27173295928755004,0.6332112996068482,0.4800538516847548,0.09275850704170324,0.10530806061792715,0.27447714003499263,0.159468699639641,0.14632115421323738,0.1546089243245836,0.5546801792381265,0.31271787060758277,0.0749327260622037,0.08003539747631398,0.2548591448356212,0.15287357996040268,0.16243841708433782,0.21620662693485115,0.5763212599286947,0.3888836388169028,0.08671799400277162,0.09890400606061568,0.27377221302184623,0.16319576712323727
asm_Beng,0.9905668597688266,0.27825184974253486,1.2099044180265837,0.7152602209173239,0.1550271588126033,0.09086021871898065,0.42446687176593706,0.17398643907993525,0.9690487489352487,0.19873176526441153,1.2012231927128023,0.5357822715504514,0.14250567744864506,0.08563012779919876,0.4016182443209473,0.16411789057763257,0.9981051298320713,0.2953780972854907,1.1983216094211238,0.5692744434222099,0.14601426180371865,0.07740471214427495,0.4181941704347116,0.16351520485090948
ltz_Latn,0.2779128810057892,0.2258298927981451,0.8297939228017107,0.1319487322736477,0.3852649233607673,0.11891222485495385,0.9059592757155529,0.11889938781678382,0.3325694457416525,0.07594409161290469,0.886749437091689,0.1160424825267935,0.4144102190100231,0.10207356893938789,0.9272409980229166,0.10017259281512297,0.3266871165572879,0.06980613865901784,0.8929000403171642,0.11487908104373017,0.4300578847047407,0.15962349829951097,0.9459848037914266,0.15407935453312202
heb_Hebr,0.121739976641806,0.13332946141146415,0.3332364108012768,0.1882826822961744,0.14694425163334487,0.1714183691926929,0.3347463550517078,0.20442828661065512,0.12781187703575195,0.15279919775184259,0.32305703693701404,0.20088161878698135,0.14244795933676932,0.17550571505282858,0.3255485006885078,0.22420375674204435,0.12551093220388496,0.14344694591215382,0.33233572388264215,0.1888564158319032,0.1392788581946777,0.18145836946768798,0.3135228615635141,0.21477835095535283
nld_Latn,0.03225934252173793,0.03683623977718466,0.1084813837299496,0.09838080752992405,0.06982067253544452,0.10205579593246873,0.15702019005136,0.1266209100412847,0.027765740250968656,0.030748649685248847,0.09897857684648188,0.09111591282210088,0.05834883302149438,0.07450243265872127,0.15628659311530027,0.14030861910391612,0.02564579197362971,0.028196002253462107,0.09932975131098266,0.09034192632227436,0.06470562917950579,0.08120856110476211,0.15691126099490588,0.13230032254921867
khm_Khmr,1.3968576216070094,0.5971723930839116,1.0142483316160291,0.20769277053997925,0.29559748081728215,0.10882400763888173,7.211891956693221,4.235553641981239,1.5420399281024684,0.7143975971783646,1.0,0.0,0.29076119544176715,0.10105187271769579,8.12077125939195,5.278760015034561,1.42150826791054,0.5769247061680506,1.0523495012039903,0.6040259056297472,0.30520881870446903,0.11797662536752307,7.430646995472443,4.840015732399116
ast_Latn,0.15199188328865926,0.062357857773141394,0.5549283859702232,0.17555169618001715,0.1963992814365234,0.15694990473901932,0.6263094914590903,0.31255417322903856,0.16379013613761162,0.06402667502068324,0.5945688303898823,0.17551188328839704,0.20362589988811503,0.1845716013033972,0.6943096551246173,0.5558063623104506,0.16016887915873396,0.06119934840410119,0.5698042374771137,0.16521694828468061,0.19674607911061495,0.09316740866168073,0.6392430765574704,0.17420859488008794
ckb_Arab,0.9997149807527074,1.1019476785153186,1.4917550241372715,1.4067886025370706,0.1490414835253404,0.15512124195651775,0.4498547758464226,0.265158696651571,1.026172566043758,0.8614017326227282,1.4794238775643103,1.0385337343161323,0.11923833267087608,0.11225901625746484,0.3885737511775103,0.18551363474556898,0.9191122651848066,0.7577471719938633,1.34628609635679,0.9069391218823465,0.13000366644106406,0.12807546493956481,0.41472672253592924,0.20867061269122472
pes_Arab,0.09350547628055401,0.08286684964936672,0.37144867271531784,0.1668779077879636,0.08659744144891901,0.11237121531413896,0.29790935715432776,0.1921156853659035,0.0844954668530179,0.07171875981009228,0.3476715383687439,0.15640624401659495,0.06609674999638841,0.07948251974868724,0.26372809442332057,0.15717544472396783,0.08353840845613988,0.05444369899815687,0.3403850852459547,0.14003320003620826,0.06824455523389972,0.06594865640560613,0.26708350308742546,0.14513629191232819
kam_Latn,0.457432897002131,0.6499250713358533,1.0368344585586553,0.7531707979737369,0.5425106931062094,0.32718420246120067,1.0335467454489757,0.4964476634464053,0.46796493315657345,0.6014891811741149,1.0969056508071116,0.9184185300191559,0.5191009172808843,0.2729289308255299,1.0540790921070937,0.6750000243751253,0.4043318986989412,0.4019580216673437,0.9741423579211248,0.44010210995058036,0.537391994448508,0.3281036337091964,1.0536148080274543,0.618259606529065
ell_Grek,0.06713324871528892,0.06583154194577348,0.18360869193579324,0.12148042108477482,0.11162695912327136,0.1236956509836137,0.28008784592928254,0.1441956749964774,0.05320259513150868,0.0517376401746883,0.16927507808588096,0.11731061824303562,0.08372503122928407,0.0804035590249646,0.26153327741390403,0.11409003701762617,0.05535917965588083,0.05488276060005499,0.17437106787301013,0.11963214445967098,0.09388200332211502,0.10001981527257804,0.2678408897501535,0.1182164689504598
lin_Latn,0.22327444145502662,0.15175049348545336,0.8059834811723496,0.2258400570369109,0.5812981419837593,0.3869123434412859,1.010405424757055,0.5878401454246501,0.18530430758186497,0.07187257695337318,0.749425165287032,0.18904287402780093,0.5552961567236203,0.3403595490829865,0.9217075167136726,0.1874276920785086,0.19872744434712636,0.07328788008218959,0.7954410454606905,0.20810524697080685,0.6513437902272394,0.4893234340760708,1.1054786408066217,1.0248984986063274
nob_Latn,0.04752344607662125,0.056415085856425996,0.15210394140761985,0.11851592346739602,0.08922017460908226,0.10155116756560441,0.2505729515101084,0.1459140841951325,0.03574033922622271,0.03557390381137764,0.12398812275171735,0.09664040621062388,0.07531976160773322,0.07727123301043987,0.2536949016363886,0.12968894070239112,0.03750144175715474,0.0402586932033672,0.1285566391276033,0.1183998986706699,0.08532806237451343,0.10340922913226679,0.26628949063411506,0.17639072851064955
mlt_Latn,0.2555894191515064,0.22401790962406243,0.8385942630292293,0.3051696511038015,0.12510611364308635,0.1239073721295279,0.45322825375454256,0.21334235664989448,0.26415075300752655,0.16512992254148576,0.843626820836245,0.24333710108230297,0.10440965144137143,0.07956818569896278,0.41758214072646505,0.17196281278455464,0.2651782888440888,0.21342955851692644,0.845951906284848,0.26246085968983257,0.11344934388800215,0.0947311887438403,0.44488675442095016,0.17748869561162658
gaz_Latn,0.35955142236435067,0.12291607080791574,1.1410298275999107,0.21280195729976756,0.4815623648199912,0.3842469338119021,1.1508438975074426,0.7465374364386592,0.3103603609885237,0.06509179194018996,1.0404806231605674,0.14663869543102515,0.3643031118697615,0.09608697326105513,1.024399984073897,0.12820509949783607,0.3140169697324234,0.061592360519034314,1.0621329610623809,0.17580679727073897,0.4872754181148909,0.5371654415114048,1.1194253935103904,0.6777538127727545
ben_Beng,0.3463258712597638,0.24463045980843995,0.8113362524488661,0.19893412299833138,0.09292074499750785,0.057915870913024414,0.2973683381178491,0.1451430816506337,0.31546114399472724,0.28173506786098035,0.7829456228000417,0.15380147324995527,0.07366928350905856,0.049119971119481846,0.24348082088187634,0.13218979891747193,0.31986676561588123,0.3011965133115141,0.7902749991237937,0.25253168442504725,0.08327652388836365,0.0562819711888159,0.27468494821632655,0.14245541950199997
khk_Cyrl,0.388848281847888,0.3229146763377124,0.8832536079650298,0.2322574158694129,0.1619774693594754,0.20069965696139616,0.33873187204695676,0.2846738229644104,0.3444565796994876,0.07700346877788518,0.8770402755830327,0.10885891226839428,0.1038975583903301,0.09719566426779948,0.26499731328230675,0.15896275683877084,0.3569504054776474,0.168712392579646,0.8861283098964428,0.21898747887070097,0.11166975974835715,0.10143963967186667,0.2774777151602385,0.16151333822711025
ceb_Latn,0.17682246996994935,0.34631869905003004,0.5539936658895946,0.5508787775247904,0.193602099958123,0.0994045554070993,0.4910538586915921,0.1363027748566491,0.1436340045922096,0.3143924504264165,0.47574037730765856,0.4634118434447063,0.15929958877282652,0.0850802105301813,0.44642320168744826,0.13330091667956243,0.16774697175546682,0.4411665751961778,0.5039809323878258,0.507724484385421,0.18581807611615808,0.14955910752361784,0.4756705272115325,0.16256926697548715
kaz_Cyrl,0.08906759525364155,0.09084213796762533,0.3992113976901948,0.15616991735518415,0.09851843275960012,0.11902158324327158,0.3810669022363287,0.23529808946529307,0.0913716815260056,0.05256729234398253,0.41653376584092,0.15586304313838634,0.08207821474230487,0.07735347023065897,0.3653340146138355,0.16636645646881018,0.09096061178036301,0.06330456370432166,0.4123309613048148,0.15130439048797417,0.09081821111304102,0.09641646025726078,0.3800057382693455,0.18546586351564087
kea_Latn,0.3634128324843542,0.28023152194959133,0.9372640297332897,0.2744211702392661,0.3850694911470776,0.13331256958926585,0.9537813333033994,0.15031866570338925,0.3360956927616166,0.06568447442138521,0.9003142316683765,0.09836727295840002,0.35493581318526596,0.0899033015547164,0.9184216338845078,0.09952478810188037,0.34412806831285336,0.07621542424605256,0.9219023383818338,0.10246889407143912,0.37701669150599487,0.11997329883793639,0.9477710064742174,0.1260688807144891
slk_Latn,0.04152487796216283,0.043860662408449956,0.15595504359949883,0.11720392349401015,0.07574135808247077,0.11567230850785844,0.19030793274187566,0.13839857176358383,0.036068385955910345,0.0456483454974646,0.1277503667003923,0.11183700149880567,0.05605800703340668,0.08411814705643557,0.16658991613382962,0.12877349094470908,0.036161691082076494,0.05059766506133502,0.1314524962877593,0.10955006812677402,0.07233797109262491,0.12497118684792592,0.19056598297874489,0.16233359813246365
pan_Guru,0.42988632989620496,0.4275919025353286,0.9208575526080914,0.8657831700954167,0.09724336572938659,0.07713139808063467,0.2592737930571836,0.14005659297879355,0.4597712528800279,0.34892999217772225,0.9292785077476615,0.7238058563441723,0.11915536114997682,0.09344060387301113,0.3019504757451416,0.16574602928594154,0.4771250922073807,0.35629016124324325,0.984009961687716,0.8241000939356861,0.12261381885171987,0.07968213882445885,0.2951346976127925,0.136686575306344
ory_Orya,0.9333787734050535,0.11620614540240519,1.103875713793991,0.14682160601100142,0.1105719483655824,0.07184784798236095,0.41457613739546895,0.16612836554943075,0.9371986916964197,0.05227138639922499,1.1031981468246495,0.0994909588439805,0.11328574965585134,0.06643254726494208,0.41513998420405235,0.15446207218387764,0.9445317194393237,0.11498766430306122,1.1145594203522893,0.11832979516113559,0.12174366420087758,0.07461173769761187,0.4369891826160546,0.16312371459986372
por_Latn,0.028964120541803497,0.03694974307962233,0.09568520836277056,0.09499540923520788,0.07569743780142264,0.10214494198332201,0.20605492551526058,0.15488494586778495,0.028763746749781393,0.03779679807865219,0.0916735542359316,0.09589290935615818,0.06784714394050159,0.07856227256208713,0.21483908640236826,0.14412006355636214,0.02679637158341598,0.04074356648874278,0.09307311239611886,0.09393755916758381,0.07731364244724162,0.09307626336441016,0.23376295359537827,0.1431785254503788
nya_Latn,0.33942477158623946,0.3986765813751765,1.0603926218012194,0.58929315625447,0.12411720426131172,0.11430389345280734,0.3995312328466545,0.18560817754086362,0.393990660708335,0.4821438937652401,1.15265917515736,0.6949101973955002,0.11545601657461779,0.09880532035586241,0.39170354267099394,0.16444769796703107,0.41052184960261223,0.5681133782927827,1.1672544180138107,0.9117458448788568,0.11883904230364921,0.1152824232821845,0.39785449976465476,0.18432998650962995
mri_Latn,0.1267813947695127,0.06829246826407533,0.3949869789724555,0.14602521792380777,0.5287301381458179,0.3459565524597651,1.0580896742521004,0.5701541498434157,0.13172794322987014,0.0627167094710202,0.4083456206289042,0.1278785087985201,0.565525731737091,0.3501014041658556,1.1239342618822692,0.5896533657463506,0.16037681409706253,0.1536231440211889,0.4343333778829038,0.1368963843340529,0.5865090143677824,0.4280548404995751,1.097509728703751,0.6088487586009631
rus_Cyrl,0.028761864228795092,0.04954597159279822,0.10441087166278415,0.1037627653367455,0.06573233878881042,0.11034797560100436,0.14741259568859158,0.13564369103911098,0.024364057008013463,0.036649012688351856,0.09194104011900446,0.09350351611246437,0.04544492429256009,0.06676928383774772,0.12738744554732293,0.11567052771724179,0.02377725358503388,0.031396747010542264,0.10010688248645025,0.09836462868291408,0.0633173782132974,0.11143739322699173,0.15156829227356505,0.14522192701851805
ibo_Latn,0.4223902507176905,0.23714282993264282,1.0059122487128205,0.28458462378593674,0.5938574599518192,0.418155989104033,1.0533488602073973,0.5700707919582878,0.42165596757942403,0.08615432080286473,0.9912357901785204,0.11144193935166254,0.6497800474038665,0.4919322305114461,1.1363339521861466,0.6596127180301588,0.4388798456214397,0.2545137496273726,1.009009883711131,0.21910664854656817,0.550502005374038,0.2929326883988839,1.036039315143545,0.4512622574808138
zho_Hant,0.3067241796850346,0.3863177324616541,2.2568532086691895,2.5874515784462955,0.3458303114688259,0.15557816204215447,2.219484042546996,1.2871826420636026,0.2926092116265343,0.2689534608188846,1.622015765765766,0.9148451915671254,0.3530177492287789,0.14148637370648515,2.1103603603603607,1.187283841195337,0.31715941175154894,0.33090005130208666,1.8556509043234708,3.1883412490380834,0.3639148165717065,0.1497004065774597,2.2074074074074073,1.206235675493626
swe_Latn,0.03637834263196906,0.049509068058823213,0.12670565973686704,0.11428929337976323,0.09365826162419622,0.10694869888632785,0.20314266656395838,0.14415409221751865,0.03633433738393481,0.03424593515158204,0.13754974249666851,0.10898334311323893,0.08287534341230225,0.07568946727874756,0.25104404983159473,0.11757438238065847,0.03526721511940231,0.03328522305339223,0.13128107323909408,0.10328820746312352,0.08900579614726624,0.10263456777354747,0.24835269435309318,0.15358761901192322
umb_Latn,1.5564233962207739,2.778283573102919,2.9466526367224506,4.71851451390195,0.5545425251816969,0.7362608826522623,1.3395328288336361,1.6233968085213522,1.5028969293942827,2.083635006971386,2.964828642042833,3.8269564075024145,0.5308710834603,0.3894514913435595,1.2414161161355315,0.5007413727387808,1.6062031604174378,2.745347400396521,2.8729389050160736,4.5255960142570535,0.5644874275116991,0.537878195902175,1.2843963568804613,1.1026091796904331
pol_Latn,0.022781662598058132,0.034466102814921504,0.08595747808038534,0.09360007920239634,0.08325698659241364,0.14223150966195194,0.198175229250877,0.15518539032038828,0.02672420992595881,0.03969250252729828,0.0976440944205521,0.10206947168869984,0.06355221387816677,0.09222018416609622,0.17929329346524658,0.14430257495025847,0.026396329343876486,0.03905280858541114,0.09796928685822204,0.09462515534035856,0.07951955114523494,0.11713746948297044,0.19895977287528271,0.1560811348848183
gle_Latn,0.8353187842100737,0.7762084795356758,1.302297172095711,0.9640843328415819,0.19540603366400633,0.12665288393506066,0.3799439585814944,0.18556173166413722,0.9509369997348064,0.8354985371867971,1.4282773304684222,1.0255174857648988,0.2484726241941352,0.1030618065218498,0.4694262170267709,0.1633903627840902,0.8378932223760928,0.6544731807506182,1.3240516242999283,0.914230975745794,0.26287211476368655,0.14043649101187902,0.504641476182609,0.28090384656533207
swh_Latn,0.11486668800940274,0.24239819762770984,0.41380205803971354,0.39966387477307813,0.09014696072604199,0.12412806652961014,0.24249390274208193,0.18623241708126384,0.10499278145202168,0.06319395550218411,0.41097759632913927,0.16553807232678597,0.08222293502576847,0.09091587387587967,0.24465952620872441,0.16756049987450514,0.10798435136801174,0.07718093666483844,0.4188405987099672,0.1561062465344233,0.09186454266612697,0.11470556453799215,0.2665898661223418,0.17840108329302307
mya_Mymr,1.3060352415222716,0.5534269642952103,3.3068941637182734,4.195433863160173,0.22254702761291087,0.09784801187847236,3.1733093248153494,1.1492752999330136,1.3494485887209635,0.6068704397220251,3.0240000809916796,3.6691601151713855,0.22305356336706428,0.08173911511589006,3.066392966852502,0.8395785825270119,1.3289303517670468,0.578034690036138,3.211492891893635,3.7278118150121156,0.2249496452284119,0.08641419013544226,3.0956284886521876,0.8380763037738317
ron_Latn,0.028019784364141376,0.035334411226673614,0.1056550001840572,0.09863381294838165,0.06634420422620169,0.12208208276910283,0.13799713977602113,0.16372266250379053,0.04221174582585537,0.040225129067729515,0.14628692218977538,0.11626058354046648,0.05239548637943698,0.07145547834152799,0.12954579323579749,0.1268560247243529,0.04058252630737469,0.03759224047380591,0.14574155579989992,0.10565673443048844,0.06802280612453,0.10143070992335149,0.1553938364175619,0.1445695106272631
tel_Telu,0.8703533089868375,0.7197333642815501,1.4995385386768334,1.338024327223141,0.1389573145938204,0.13182423256723774,0.3900919606573813,0.2051953313003993,0.853724982635138,0.7520691007926618,1.4687173774994058,1.096211140296909,0.11490798283682663,0.1023518939318793,0.3703134347563006,0.1844205511862877,0.9468735767292454,0.966041699770839,1.8404723607069633,2.9146769788417988,0.133073958843075,0.13292996774239754,0.3837253381778932,0.22192969313907798
tur_Latn,0.08152361410152634,0.3784341617889572,0.21561399763132455,0.5088141181330357,0.08029727654702452,0.09614541635988218,0.28503390994487454,0.19528747186033688,0.03503155348971436,0.04188351986875618,0.1468146394808389,0.11710800349797428,0.0648378819663669,0.07172799867224187,0.25498595060503215,0.16650645309067516,0.030597564339745715,0.035351809453916555,0.14296138874699132,0.11751759324783498,0.06797787706932791,0.07495647832447054,0.26432159876242545,0.17266933710189353
slv_Latn,0.05707438083513901,0.06570638409796244,0.21521711863229806,0.14628600849363227,0.0929314531397213,0.12218489928004674,0.247130727936643,0.15012285050056065,0.07606415410954044,0.09982241951248656,0.2503557030696644,0.1594324134356363,0.0811374037080325,0.11544963190780026,0.24773331059219117,0.15778393854323303,0.06600417154413822,0.06096386104175412,0.24105708118994731,0.12965332805666915,0.09148466969606822,0.11171583719437218,0.25776907676359306,0.1534082949364378
nso_Latn,0.931250065185271,1.4291276976676202,1.4321720940929958,1.4696065534681273,0.6733129434688344,0.6223503411781274,1.0523221237760196,0.6930439916698357,1.0847009014705498,1.3516242018130649,1.569371053799941,1.4518457421227424,0.6937248136756303,0.4357992272903654,1.0571141600807565,0.5117923738205504,1.0661110106691456,1.2430263686194496,1.5231236346332395,1.2056039397397906,0.6676508916639085,0.36200567099143105,1.020463905010875,0.3618626881787419
urd_Arab,0.0935833071587786,0.0669036190169915,0.27297525754091156,0.12022294731940553,0.09876662425893439,0.08017232157010647,0.2518819803332098,0.12414264519523983,0.0926810908540713,0.04494049287494397,0.2830390393045701,0.10784589262738574,0.0897662991542718,0.06059617171877986,0.24917352485897276,0.11168291111396078,0.09495916652417008,0.056372514676638834,0.2868286126670638,0.11593740490898799,0.08398366923856146,0.059704952327075476,0.2384711309958212,0.11273339519893565
fuv_Latn,2.059905103999728,2.784912986882307,2.566985366861389,3.380995789458103,0.6186817459028419,0.6735472587954194,1.2493870798962514,1.2034003101648154,1.2016301428490361,1.677812100082839,1.5890843361240725,1.8077902972106275,0.3520284540373559,0.2053823827177253,0.9313229444578104,0.29862459325668156,1.6946004689106127,2.3973578114558176,2.2150600843021433,3.0037161973906255,0.39679241300437684,0.4141134992728921,0.9944296876007288,0.6976072092259524
pbt_Arab,0.37569796833008295,0.12184583973117291,0.8965316851954217,0.10552854735147933,0.21814012688593867,0.19869016560845848,0.45430716413258004,0.24347741315298993,0.3539529961489991,0.08787334011415232,0.9096467933605431,0.10055417324661357,0.2191746080367601,0.12588704982391388,0.4798921754558012,0.18596596693127923,0.36819724836100703,0.12350931122231636,0.9079584850722816,0.12013419308385345,0.23907926310943586,0.15619880623309867,0.5070744958925658,0.21916836187296143
tam_Taml,0.1234841038833946,0.07895131566443325,0.535568213629447,0.18030991259248214,0.11458461617811067,0.1263805994763361,0.3457751110597676,0.18463428963523085,0.15672474695076313,0.15319230582708493,0.5683119772653253,0.20470022439319954,0.11288646736618764,0.1106500576109781,0.34686241871121676,0.178338468413882,0.17232483056139075,0.25556179786335625,0.5889128859097541,0.29519332061343023,0.12828635139208128,0.1480812553273403,0.36211893420367136,0.19867211619784042
tgk_Cyrl,0.2846281418722261,0.3286527766922891,0.8085158453027254,0.2746953029067933,0.0890889463537228,0.09882241524650515,0.25083409465086803,0.15621878974223355,0.29548748224719756,0.37342506170221945,0.8145403938907396,0.15547325243313614,0.08277797345885235,0.09788535886848909,0.23916615440247863,0.15207930851593618,0.32795316821431775,0.43798866708830314,0.8665283499715015,0.5786892746403925,0.08787447153865545,0.10268477924517012,0.2428145795673993,0.1635833244385781
ukr_Cyrl,0.02957224203945721,0.04136955662611675,0.1130515084530168,0.10299447982404801,0.08987761670859186,0.12287413322072897,0.2876865995773803,0.17726498467184829,0.03614674240562599,0.04357337968970191,0.1256597020973218,0.1066889732489999,0.07247910739551322,0.0886421826848573,0.270869047817413,0.15451843084945932,0.03178691029422937,0.03596723120671185,0.1259022756837931,0.10670274998637766,0.08615123359618465,0.10953397684554286,0.29317087433027245,0.17002140309129887
npi_Deva,0.2550434685931165,0.133990155212708,0.9430527081870281,0.20745835276858984,0.9320485524153836,0.3347952124786033,1.1910918102226735,0.4151544733294915,0.2671945170010111,0.0850614208169413,0.9493719123424674,0.18343428616951765,0.10833661637532882,0.09593487737365859,0.31493949903395163,0.15396280726811928,0.2580429488366014,0.06767876151591273,0.9390575132926451,0.16918728370538252,0.09969954633351175,0.07977161412231135,0.2950266806232791,0.14601153000818987
tha_Thai,0.09372775085661912,0.09253980034425603,0.9651705558488228,0.536029987683436,0.10965852582432621,0.11254413976385962,0.9642410329847664,0.7679497384107686,0.10368208798408904,0.08101045666821184,1.0685685510991472,0.7148446462077054,0.1085974228797043,0.0988092561591606,0.9799702603986062,0.7714518560326461,0.10903619376815826,0.10659655676607659,0.9651809283256275,0.45620402035058805,0.1311565271671935,0.1415213785207042,0.9866617941116509,0.5717937737605411
srp_Cyrl,0.7631512681235211,0.23506452285223994,0.9194160934755526,0.24394593159436923,0.07687074124794246,0.12155149156653736,0.19219744870517674,0.1388881787995975,0.7787638997399015,0.20185574754708555,0.9301788805672795,0.20700724670098233,0.05705336243375719,0.08388564497565437,0.1694364460932825,0.1088018333814123,0.7730508558874924,0.19783365449225232,0.928412789633646,0.19485326847416684,0.0723877822012027,0.10726263183862858,0.18616899967921194,0.13243150295692036
uzn_Latn,0.22877682705341487,0.20110721275643212,0.8413778193265566,0.2709679361908126,0.08332742592318733,0.1162045644187955,0.29175903293298416,0.20723036421342036,0.2838044045782317,0.12100269139232565,0.892735301943907,0.11444582982912939,0.07887378297478627,0.0890713421925306,0.300140093425417,0.19658571580137957,0.30204843213859406,0.21738998065677623,0.9115403715020285,0.21965218797542388,0.08862123013559188,0.10618153043596444,0.3086783354890601,0.197867278620803
wol_Latn,1.4250831093030492,2.252998367782578,1.700988961075661,2.3135048965181997,0.4817703309301167,0.39167727186090795,1.015118444830074,0.5574259571490483,1.4826675264873421,2.67718737012046,1.7376708550603746,2.512366416137883,0.5176470791484484,0.6449774289041098,1.0128026792413696,0.40100693125618897,1.5944604820147732,2.5413339076192143,1.8731686476133351,2.4829126965867854,0.5284728423596692,0.8558458490928239,1.1187686778292292,1.2564816755788046
vie_Latn,0.04201045912927644,0.047914700912066274,0.10452132472331663,0.09260219128374145,0.06442812817620325,0.08075631064852283,0.12431788241097479,0.11545631991886827,0.055959459941879036,0.05207266149833462,0.13543071086053451,0.10493436570771518,0.06108971311539388,0.06254771370324992,0.12598412003003823,0.10939065039015634,0.05893426218047651,0.052910731771697944,0.13934127662000148,0.10668048905304525,0.0756779231583596,0.07053344659351898,0.14700831383450538,0.10636379767132494
sna_Latn,0.2589672579133712,0.23958458250117526,1.1951999917048117,0.24996621205083608,0.3101632760578459,0.17012053904993613,0.8168215081793854,0.24641746452358657,0.2845555519880791,0.059522474997802916,1.2037262481130429,0.22003775238571327,0.3604688539028044,0.15593450312970164,0.840931255187078,0.17237797824185025,0.2855530145426428,0.11463760436161462,1.2237820945986935,0.27450882180521485,0.3687675143503987,0.21613662470871473,0.8640973845622271,0.2206746724927079
yor_Latn,0.4995356392791968,0.1390353798516882,1.0198967662341911,0.17246301460116567,0.3318800944478022,0.12755885768893646,0.8143873869861965,0.2166678966630834,0.47444780991542496,0.11605161235090478,1.0452525395059338,0.1761387415130383,0.31159646764913523,0.0981213376609116,0.8084033985803114,0.1900593203613895,0.48157184440707296,0.10553972793199347,1.038002872097455,0.1447086959747615,0.3379342175118222,0.12107851001894276,0.8430750766877313,0.1915835169528091
oci_Latn,0.26633749675158686,0.11363903430983788,0.6952296128117332,0.1333829753802813,0.34296482237849474,0.1352911366349189,0.7503185134282189,0.13296296669790897,0.24164321144139456,0.05727975660368416,0.7357879281124095,0.13093868968231828,0.31688759177289977,0.15612274218538297,0.7734127044452115,0.2590639580896821,0.244049625272447,0.05936845686951694,0.7405013333404654,0.1204978873890877,0.32473422743097374,0.09614204308189701,0.7763075316487908,0.13437165658607217
snd_Arab,0.9516707424446424,0.3006171131469905,1.0568798597103664,0.37570236729024103,0.3483243897333995,0.15238037546435776,0.6381652277367061,0.18425192541219285,0.9306083233333193,0.15420775251195995,1.0569665094532554,0.3369146695036705,0.28941774751466054,0.09437327902286283,0.5858227761607603,0.13979006752422102,0.9346747064212728,0.18815616841810262,1.0622562411287702,0.3889683224242317,0.3075847520462209,0.1406503708560925,0.6087619586612117,0.19248771382048402
som_Latn,0.3375809682360502,0.20250158031563817,0.9461488216059392,0.24421319499869235,0.1715330026363306,0.13458787979456674,0.48787233490398846,0.1909498952828606,0.3678909847944917,0.23236275673170567,0.9429718558617506,0.13808068336049892,0.1734622664574808,0.11054888387284056,0.516055126762932,0.165679576858643,0.3639503126038107,0.19789929178328367,0.9530337049260278,0.22031385030422376,0.1916727542839109,0.19096526177447315,0.5268291961462007,0.30149628047376564
zul_Latn,0.4340303668973308,0.6570688110231815,1.609495433479071,1.348524806905772,0.1678547587750744,0.12305007049509424,0.5495080900773126,0.25414907226111244,0.3507965790219838,0.11147159886361917,1.3308406634684116,0.27319958083433343,0.22346411174385333,0.15352072154002033,0.5879376647996121,0.21191576705617868,0.44454504082166585,0.5285349558123877,1.5065828018978478,0.9559683218087467,0.21532460837450712,0.13149399223508054,0.6055482994652911,0.23180839312859958
xho_Latn,0.5053749186366705,0.7011367878499445,1.5973870573908213,1.3127218550718862,0.309549904292722,0.1682851629227972,0.8229834512943767,0.23951133573510655,0.387925584940368,0.2154285436745446,1.3947611853135695,0.42730549246028265,0.3544235526098042,0.21995507571271838,0.9048373006379431,0.4386166954610157,0.4480174096862189,0.3749342462451172,1.486365823834967,0.695329088953226,0.34375166037341565,0.191796654151388,0.8840849215289308,0.3852538460309419
